<?xml version="1.0" encoding="UTF-8"?>
<Window size="320,140" caption="0,0,0,34">
    <VBox bkcolor="bk_wnd_lightcolor">
        <HBox class="caption">
            <Label class="font_title" width="stretch" valign="center" normaltextcolor="darkcolor" textid="STRID_LINK_FORM_NIM_TIP"/>
            <Button class="btn_wnd_close" name="closebtn" margin="10,6,0,0"/>
        </HBox>
        <Box>
			<VBox name="link_tip_page" valign="center" visible="false">
				<HBox height="auto" valign="center" margin="0,20,0,0">
					<Control width="auto" height="auto" margin="20,0,10,0" bkimage="link_tip.png"/>
					<Label name="link_tip_label" width="250" singleline="false" linelimit="true" font="4" textid="STRID_LINK_FORM_NETWORK_DISCONNECT"/>			
				</HBox>
				<HBox>
					<Control />
					<Button name="btn_relink" margin="0,10,30,0" cursortype="hand" font="4" normaltextcolor="link_blue" textid="STRID_LINK_FORM_RECONNECT"/>
				</HBox>
			</VBox>
            <HBox name="link_ing_page" width="stretch" height="auto" valign="center" visible="false">
                <Control width="auto" height="auto" margin="20,0,10,0" bkimage="link_ing.png"/>
                <Label width="250" singleline="false" linelimit="true" font="4" textid="STRID_LINK_FORM_RECONNECTING_TIP"/>
            </HBox>
            <HBox name="link_success_page" width="stretch" height="auto" valign="center" visible="false">
                <Control width="auto" height="auto" margin="20,0,10,0" bkimage="link_success.png"/>
                <Label width="250" singleline="false" linelimit="true" font="4" textid="STRID_LINK_FORM_RECONNECTED_TIP"/>
            </HBox>
        </Box>
    </VBox>
</Window>